Experiment,Iterations,Setup-Time,Downtime,Total-Time,Ram-Total,Ram-Postcopy-Requests,Ram-Dirty-Sync-Count,Ram-Remaining,Ram-Mbps,Ram-Transferred,Ram-Duplicate,Ram-Dirty-Pages-Rate,Ram-Skipped,Ram-Normal-Bytes,Ram-Normal
1,5,2,196,15435,1091379200,0,7,0,901.5403714119096,1738971633,11238,0,0,1734062080,423355
4,5,2,199,13412,1091379200,0,7,0,921.4469685309471,1544363045,11471,0,0,1537478656,375361
5,6,2,94,15588,1091379200,0,8,0,919.8857815988707,1791955012,11808,0,0,1786675200,436200