Experiment,Iterations,Setup-Time,Downtime,Total-Time,Ram-Total,Ram-Postcopy-Requests,Ram-Dirty-Sync-Count,Ram-Remaining,Ram-Mbps,Ram-Transferred,Ram-Duplicate,Ram-Dirty-Pages-Rate,Ram-Skipped,Ram-Normal-Bytes,Ram-Normal
2,6,8,41,38617,17197506560,0,8,0,905.0610527079178,4367725311,3412030,0,0,4326141952,1056187
3,5,8,106,45931,17197506560,0,7,0,909.5928405374212,5221191566,3495638,0,0,5178023936,1264166
4,5,8,98,44328,17197506560,0,7,0,908.3887823104693,5032261418,3525875,0,0,4990255104,1218324
5,4,7,74,33686,17197506560,0,6,0,904.7640977463701,3808731346,3485018,0,0,3769503744,920289