Experiment,Iterations,Setup-Time,Downtime,Total-Time,Ram-Total,Ram-Postcopy-Requests,Ram-Dirty-Sync-Count,Ram-Remaining,Ram-Mbps,Ram-Transferred,Ram-Duplicate,Ram-Dirty-Pages-Rate,Ram-Skipped,Ram-Normal-Bytes,Ram-Normal
2,5,9,85,36601,21492473856,0,7,0,893.2493318758198,4085510008,4489917,0,0,4036341760,985435
3,5,10,57,46031,21492473856,0,7,0,903.8848115425566,5199497928,4547793,0,0,5147504640,1256715
4,5,9,101,35947,21492473856,0,7,0,896.6476122210474,4027752800,4502586,0,0,3978579968,971333
5,4,10,129,46402,21492473856,0,6,0,904.4344854285221,5244603171,4527399,0,0,5193105408,1267848