Experiment,Iterations,Setup-Time,Downtime,Total-Time,Ram-Total,Ram-Postcopy-Requests,Ram-Dirty-Sync-Count,Ram-Remaining,Ram-Mbps,Ram-Transferred,Ram-Duplicate,Ram-Dirty-Pages-Rate,Ram-Skipped,Ram-Normal-Bytes,Ram-Normal
1,12,3,99,33654,2165121024,0,14,0,912.0746383762742,3836315339,15834,0,0,3825233920,933895
2,10,2,127,33274,2165121024,0,12,0,920.5733029574417,3828451801,15534,0,0,3818258432,932192
3,11,2,126,36552,2165121024,0,13,0,917.4351509712723,4191319254,15775,0,0,4179464192,1020377
5,7,3,86,28501,2165121024,0,9,0,929.6057188574637,3311275484,15476,0,0,3303514112,806522