Experiment,Iterations,Setup-Time,Downtime,Total-Time,Ram-Total,Ram-Postcopy-Requests,Ram-Dirty-Sync-Count,Ram-Remaining,Ram-Mbps,Ram-Transferred,Ram-Duplicate,Ram-Dirty-Pages-Rate,Ram-Skipped,Ram-Normal-Bytes,Ram-Normal
1,5,3,144,37100,4312604672,0,7,0,926.475489446586,4295970218,390964,0,0,4283314176,1045731
2,5,3,70,42009,4312604672,0,7,0,928.7242443460458,4876286390,418980,0,0,4860985344,1186764
5,6,3,98,37513,4312604672,0,8,0,927.7647087176753,4349844316,400875,0,0,4336242688,1058653