Experiment,Iterations,Setup-Time,Downtime,Total-Time,Ram-Total,Ram-Postcopy-Requests,Ram-Dirty-Sync-Count,Ram-Remaining,Ram-Mbps,Ram-Transferred,Ram-Duplicate,Ram-Dirty-Pages-Rate,Ram-Skipped,Ram-Normal-Bytes,Ram-Normal
1,4,5,113,42357,8607571968,0,6,0,921.2830047223271,4877059817,1453286,0,0,4853592064,1184959
2,5,5,84,32584,8607571968,0,7,0,916.1671761564198,3730763868,1402309,0,0,3710251008,905823
3,5,4,71,43568,8607571968,0,7,0,921.1722084289781,5016030825,1446153,0,0,4992512000,1218875