Experiment,Iterations,Setup-Time,Downtime,Total-Time,Ram-Total,Ram-Postcopy-Requests,Ram-Dirty-Sync-Count,Ram-Remaining,Ram-Mbps,Ram-Transferred,Ram-Duplicate,Ram-Dirty-Pages-Rate,Ram-Skipped,Ram-Normal-Bytes,Ram-Normal
1,0,8,12,25388,17197506560,719,2,0,825.4787174152876,2618722860,3568345,0,0,2581565440,630265
2,0,8,11,25940,17197506560,696,2,0,831.8885006941231,2696458260,3549362,0,0,2659319808,649248
3,0,8,11,25302,17197506560,690,2,0,822.6202871827311,2600811330,3572719,0,0,2563649536,625891
4,0,8,24,26280,17197506560,809,2,0,833.9313346528623,2738522124,3539090,0,0,2701393920,659520