Experiment,Iterations,Setup-Time,Downtime,Total-Time,Ram-Total,Ram-Postcopy-Requests,Ram-Dirty-Sync-Count,Ram-Remaining,Ram-Mbps,Ram-Transferred,Ram-Duplicate,Ram-Dirty-Pages-Rate,Ram-Skipped,Ram-Normal-Bytes,Ram-Normal
1,0,8,13,28084,21492473856,668,2,0,806.012894429406,2828593914,4567975,0,0,2782048256,679211
2,0,10,11,28118,21492473856,738,2,0,803.3889921730469,2822598863,4569439,0,0,2776051712,677747
4,0,9,13,27504,21492473856,710,2,0,798.638396799418,2744711963,4588459,0,0,2698145792,658727
5,0,9,27,28736,21492473856,733,2,0,815.564889337557,2928483249,4543582,0,0,2881961984,703604