Experiment,Iterations,Setup-Time,Downtime,Total-Time,Ram-Total,Ram-Postcopy-Requests,Ram-Dirty-Sync-Count,Ram-Remaining,Ram-Mbps,Ram-Transferred,Ram-Duplicate,Ram-Dirty-Pages-Rate,Ram-Skipped,Ram-Normal-Bytes,Ram-Normal
1,0,2,20,18035,2165121024,2023,2,0,934.8204598236566,2107093686,15203,0,0,2102849536,513391
2,0,2,26,18038,2165121024,1959,2,0,936.2361024617431,2110635890,14338,0,0,2106392576,514256
4,0,2,21,18128,2165121024,838,2,0,928.805940196403,2104333656,15877,0,0,2100088832,512717