Experiment,Iterations,Setup-Time,Downtime,Total-Time,Ram-Total,Ram-Postcopy-Requests,Ram-Dirty-Sync-Count,Ram-Remaining,Ram-Mbps,Ram-Transferred,Ram-Duplicate,Ram-Dirty-Pages-Rate,Ram-Skipped,Ram-Normal-Bytes,Ram-Normal
1,0,5,28,22000,8607571968,725,2,0,884.3607830870652,2431331081,1512345,0,0,2413006848,589113
2,0,5,9,22374,8607571968,780,2,0,889.7104353346148,2487633236,1498596,0,0,2469322752,602862
3,0,4,28,22272,8607571968,685,2,0,883.2799439554517,2458501377,1505710,0,0,2440183808,595748
4,0,4,26,23016,8607571968,673,2,0,886.296791586998,2549324382,1483531,0,0,2531028992,617927
5,0,4,22,22255,8607571968,801,2,0,886.0866657678307,2464430937,1504262,0,0,2446114816,597196