Experiment,Iterations,Setup-Time,Downtime,Total-Time,Ram-Total,Ram-Postcopy-Requests,Ram-Dirty-Sync-Count,Ram-Remaining,Ram-Mbps,Ram-Transferred,Ram-Duplicate,Ram-Dirty-Pages-Rate,Ram-Skipped,Ram-Normal-Bytes,Ram-Normal
1,4,1,93,13055,1091379200,0,6,0,873.5507228435729,1425203982,10432,0,0,1422331904,347249
3,4,1,174,13561,1091379200,0,6,0,929.4449793510324,1575196830,10872,0,0,1572028416,383796
4,4,2,108,12236,1091379200,0,6,0,925.2752963871178,1414764837,11047,0,0,1411907584,344704
5,5,2,295,14568,1091379200,0,7,0,910.3864764520115,1657373741,11151,0,0,1654042624,403819