Experiment,Iterations,Setup-Time,Downtime,Total-Time,Ram-Total,Ram-Postcopy-Requests,Ram-Dirty-Sync-Count,Ram-Remaining,Ram-Mbps,Ram-Transferred,Ram-Duplicate,Ram-Dirty-Pages-Rate,Ram-Skipped,Ram-Normal-Bytes,Ram-Normal
1,4,8,155,44458,17197506560,0,6,0,908.4293989651294,5047248438,3505872,0,0,5005918208,1222148
3,5,7,123,34520,17197506560,0,7,0,898.8146022658129,3877386110,3463840,0,0,3838713856,937186
5,5,7,136,46875,17197506560,0,7,0,909.5167643594776,5328191528,3506746,0,0,5286305792,1290602