Experiment,Iterations,Setup-Time,Downtime,Total-Time,Ram-Total,Ram-Postcopy-Requests,Ram-Dirty-Sync-Count,Ram-Remaining,Ram-Mbps,Ram-Transferred,Ram-Duplicate,Ram-Dirty-Pages-Rate,Ram-Skipped,Ram-Normal-Bytes,Ram-Normal
1,5,9,88,44139,21492473856,0,7,0,903.0427939270338,4981197376,4518045,0,0,4930904064,1203834
2,5,10,81,46678,21492473856,0,7,0,903.3305632981916,5269366405,4541586,0,0,5218299904,1273999
4,5,9,140,48683,21492473856,0,7,0,904.4813822574681,5502878414,4526376,0,0,5451493376,1330931