Experiment,Iterations,Setup-Time,Downtime,Total-Time,Ram-Total,Ram-Postcopy-Requests,Ram-Dirty-Sync-Count,Ram-Remaining,Ram-Mbps,Ram-Transferred,Ram-Duplicate,Ram-Dirty-Pages-Rate,Ram-Skipped,Ram-Normal-Bytes,Ram-Normal
1,6,2,113,25515,2165121024,0,8,0,876.1258116254459,2793862267,16237,0,0,2788270080,680730
3,7,2,136,26601,2165121024,0,9,0,906.4807564194143,3013722717,15431,0,0,3007709184,734304
4,3,2,124,20780,2165121024,0,5,0,933.619007796708,2424629584,15338,0,0,2419765248,590763