Experiment,Iterations,Setup-Time,Downtime,Total-Time,Ram-Total,Ram-Postcopy-Requests,Ram-Dirty-Sync-Count,Ram-Remaining,Ram-Mbps,Ram-Transferred,Ram-Duplicate,Ram-Dirty-Pages-Rate,Ram-Skipped,Ram-Normal-Bytes,Ram-Normal
1,3,3,178,23821,4312604672,0,5,0,924.2629792593837,2751549571,461701,0,0,2742038528,669443
2,2,3,161,23096,4312604672,0,4,0,931.5307575455765,2688767615,434001,0,0,2679627776,654206
3,5,3,134,28432,4312604672,0,7,0,923.5511214604805,3281741918,466336,0,0,3271155712,798622