Experiment,Iterations,Setup-Time,Downtime,Total-Time,Ram-Total,Ram-Postcopy-Requests,Ram-Dirty-Sync-Count,Ram-Remaining,Ram-Mbps,Ram-Transferred,Ram-Duplicate,Ram-Dirty-Pages-Rate,Ram-Skipped,Ram-Normal-Bytes,Ram-Normal
2,3,5,68,24798,8607571968,0,5,0,919.5173618360021,2849486860,1461646,0,0,2830802944,691114
3,4,4,53,24885,8607571968,0,6,0,911.0457801535308,2833253847,1497481,0,0,2814279680,687080
4,4,4,160,34754,8607571968,0,6,0,918.019209208633,3987433530,1426740,0,0,3966844928,968468